field,missing_before,missing_after,missing_before_pct,missing_after_pct,deterministic_reduction
country,0,0,0.000,0.000,0
year,0,0,0.000,0.000,0
iso_code,26,26,0.534,0.534,0
population,0,0,0.000,0.000,0
gdp,1099,1099,22.585,22.585,0
biofuel_cons_change_pct,3786,3786,77.805,77.805,0
biofuel_cons_change_twh,2303,2303,47.328,47.328,0
biofuel_cons_per_capita,2295,2295,47.164,47.164,0
biofuel_consumption,2295,2295,47.164,47.164,0
biofuel_elec_per_capita,185,185,3.802,3.802,0
biofuel_electricity,185,185,3.802,3.802,0
biofuel_share_elec,187,187,3.843,3.843,0
biofuel_share_energy,2891,2334,59.412,47.965,557
carbon_intensity_elec,153,153,3.144,3.144,0
coal_cons_change_pct,2994,2994,61.529,61.529,0
coal_cons_change_twh,2891,2891,59.412,59.412,0
coal_cons_per_capita,2891,2891,59.412,59.412,0
coal_consumption,2891,2891,59.412,59.412,0
coal_elec_per_capita,185,185,3.802,3.802,0
coal_electricity,185,185,3.802,3.802,0
coal_prod_change_pct,3424,3424,70.366,70.366,0
coal_prod_change_twh,1329,1329,27.312,27.312,0
coal_prod_per_capita,1325,1325,27.230,27.230,0
coal_production,1325,1325,27.230,27.230,0
coal_share_elec,187,187,3.843,3.843,0
coal_share_energy,2891,2891,59.412,59.412,0
electricity_demand,153,153,3.144,3.144,0
electricity_demand_per_capita,153,153,3.144,3.144,0
electricity_generation,153,153,3.144,3.144,0
electricity_share_energy,2904,262,59.679,5.384,2642
energy_cons_change_pct,208,208,4.275,4.275,0
energy_cons_change_twh,147,147,3.021,3.021,0
energy_per_capita,142,142,2.918,2.918,0
energy_per_gdp,1106,1106,22.729,22.729,0
fossil_cons_change_pct,2891,2891,59.412,59.412,0
fossil_cons_change_twh,2891,2891,59.412,59.412,0
fossil_elec_per_capita,151,151,3.103,3.103,0
fossil_electricity,151,151,3.103,3.103,0
fossil_energy_per_capita,2891,2891,59.412,59.412,0
fossil_fuel_consumption,2891,2891,59.412,59.412,0
fossil_share_elec,153,153,3.144,3.144,0
fossil_share_energy,2891,2891,59.412,59.412,0
gas_cons_change_pct,2966,2966,60.954,60.954,0
gas_cons_change_twh,2891,2891,59.412,59.412,0
gas_consumption,2891,2891,59.412,59.412,0
gas_elec_per_capita,210,210,4.316,4.316,0
gas_electricity,210,210,4.316,4.316,0
gas_energy_per_capita,2891,2891,59.412,59.412,0
gas_prod_change_pct,2932,2932,60.255,60.255,0
gas_prod_change_twh,1209,1209,24.846,24.846,0
gas_prod_per_capita,1205,1205,24.764,24.764,0
gas_production,1205,1205,24.764,24.764,0
gas_share_elec,210,210,4.316,4.316,0
gas_share_energy,2891,2891,59.412,59.412,0
greenhouse_gas_emissions,189,189,3.884,3.884,0
hydro_cons_change_pct,3116,3116,64.036,64.036,0
hydro_cons_change_twh,2891,2891,59.412,59.412,0
hydro_consumption,2891,2891,59.412,59.412,0
hydro_elec_per_capita,245,245,5.035,5.035,0
hydro_electricity,245,245,5.035,5.035,0
hydro_energy_per_capita,2891,2891,59.412,59.412,0
hydro_share_elec,247,247,5.076,5.076,0
hydro_share_energy,2891,2891,59.412,59.412,0
low_carbon_cons_change_pct,2962,2962,60.871,60.871,0
low_carbon_cons_change_twh,2891,2891,59.412,59.412,0
low_carbon_consumption,2891,2891,59.412,59.412,0
low_carbon_elec_per_capita,151,151,3.103,3.103,0
low_carbon_electricity,151,151,3.103,3.103,0
low_carbon_energy_per_capita,2891,2891,59.412,59.412,0
low_carbon_share_elec,153,153,3.144,3.144,0
low_carbon_share_energy,2891,2891,59.412,59.412,0
net_elec_imports,153,153,3.144,3.144,0
net_elec_imports_share_demand,153,153,3.144,3.144,0
nuclear_cons_change_pct,4110,4110,84.464,84.464,0
nuclear_cons_change_twh,2237,2237,45.972,45.972,0
nuclear_consumption,2235,2235,45.931,45.931,0
nuclear_elec_per_capita,157,157,3.226,3.226,0
nuclear_electricity,157,157,3.226,3.226,0
nuclear_energy_per_capita,2235,2235,45.931,45.931,0
nuclear_share_elec,190,190,3.905,3.905,0
nuclear_share_energy,2891,2286,59.412,46.979,605
oil_cons_change_pct,2891,2891,59.412,59.412,0
oil_cons_change_twh,2891,2891,59.412,59.412,0
oil_consumption,2891,2891,59.412,59.412,0
oil_elec_per_capita,152,152,3.124,3.124,0
oil_electricity,152,152,3.124,3.124,0
oil_energy_per_capita,2891,2891,59.412,59.412,0
oil_prod_change_pct,2831,2831,58.179,58.179,0
oil_prod_change_twh,1201,1201,24.681,24.681,0
oil_prod_per_capita,1197,1197,24.599,24.599,0
oil_production,1197,1197,24.599,24.599,0
oil_share_elec,154,154,3.165,3.165,0
oil_share_energy,2891,2891,59.412,59.412,0
other_renewable_consumption,2891,2891,59.412,59.412,0
other_renewable_electricity,172,172,3.535,3.535,0
other_renewable_exc_biofuel_electricity,723,723,14.858,14.858,0
other_renewables_cons_change_pct,3330,3330,68.434,68.434,0
other_renewables_cons_change_twh,2891,2891,59.412,59.412,0
other_renewables_elec_per_capita,172,172,3.535,3.535,0
other_renewables_elec_per_capita_exc_biofuel,723,723,14.858,14.858,0
other_renewables_energy_per_capita,2891,2891,59.412,59.412,0
other_renewables_share_elec,174,174,3.576,3.576,0
other_renewables_share_elec_exc_biofuel,725,725,14.899,14.899,0
other_renewables_share_energy,2891,2891,59.412,59.412,0
per_capita_electricity,153,153,3.144,3.144,0
primary_energy_consumption,142,142,2.918,2.918,0
renewables_cons_change_pct,2962,2962,60.871,60.871,0
renewables_cons_change_twh,2891,2891,59.412,59.412,0
renewables_consumption,2891,2891,59.412,59.412,0
renewables_elec_per_capita,151,151,3.103,3.103,0
renewables_electricity,151,151,3.103,3.103,0
renewables_energy_per_capita,2891,2891,59.412,59.412,0
renewables_share_elec,153,153,3.144,3.144,0
renewables_share_energy,2891,2891,59.412,59.412,0
solar_cons_change_pct,3426,3426,70.407,70.407,0
solar_cons_change_twh,2891,2891,59.412,59.412,0
solar_consumption,2891,2891,59.412,59.412,0
solar_elec_per_capita,163,163,3.350,3.350,0
solar_electricity,163,163,3.350,3.350,0
solar_energy_per_capita,2891,2891,59.412,59.412,0
solar_share_elec,165,165,3.391,3.391,0
solar_share_energy,2891,2891,59.412,59.412,0
wind_cons_change_pct,3350,3350,68.845,68.845,0
wind_cons_change_twh,2891,2891,59.412,59.412,0
wind_consumption,2891,2891,59.412,59.412,0
wind_elec_per_capita,294,294,6.042,6.042,0
wind_electricity,294,294,6.042,6.042,0
wind_energy_per_capita,2891,2891,59.412,59.412,0
wind_share_elec,296,296,6.083,6.083,0
wind_share_energy,2891,2891,59.412,59.412,0
