country,iso_code,row_count,min_year,max_year,expected_years,coverage_pct
Afghanistan,AFG,24,2000,2023,26,92.308
Albania,ALB,24,2000,2023,26,92.308
Algeria,DZA,25,2000,2024,26,96.154
American Samoa,ASM,24,2000,2023,26,92.308
Angola,AGO,25,2000,2024,26,96.154
Antigua and Barbuda,ATG,24,2000,2023,26,92.308
Argentina,ARG,25,2000,2024,26,96.154
Armenia,ARM,25,2000,2024,26,96.154
Aruba,ABW,24,2000,2023,26,92.308
Australia,AUS,25,2000,2024,26,96.154
Austria,AUT,26,2000,2025,26,100.000
Azerbaijan,AZE,25,2000,2024,26,96.154
Bahamas,BHS,24,2000,2023,26,92.308
Bahrain,BHR,25,2000,2024,26,96.154
Bangladesh,BGD,25,2000,2024,26,96.154
Barbados,BRB,24,2000,2023,26,92.308
Belarus,BLR,25,2000,2024,26,96.154
Belgium,BEL,26,2000,2025,26,100.000
Belize,BLZ,24,2000,2023,26,92.308
Benin,BEN,24,2000,2023,26,92.308
Bermuda,BMU,24,2000,2023,26,92.308
Bhutan,BTN,24,2000,2023,26,92.308
Bolivia,BOL,25,2000,2024,26,96.154
Bosnia and Herzegovina,BIH,26,2000,2025,26,100.000
Botswana,BWA,24,2000,2023,26,92.308
Brazil,BRA,25,2000,2024,26,96.154
Brunei,BRN,25,2000,2024,26,96.154
Bulgaria,BGR,26,2000,2025,26,100.000
Burkina Faso,BFA,24,2000,2023,26,92.308
Burundi,BDI,24,2000,2023,26,92.308
Cambodia,KHM,25,2000,2024,26,96.154
Cameroon,CMR,24,2000,2023,26,92.308
Canada,CAN,25,2000,2024,26,96.154
Cape Verde,CPV,24,2000,2023,26,92.308
Central African Republic,CAF,24,2000,2023,26,92.308
Chad,TCD,25,2000,2024,26,96.154
Chile,CHL,25,2000,2024,26,96.154
China,CHN,25,2000,2024,26,96.154
Colombia,COL,25,2000,2024,26,96.154
Comoros,COM,24,2000,2023,26,92.308
Congo,COG,25,2000,2024,26,96.154
Costa Rica,CRI,25,2000,2024,26,96.154
Cote d'Ivoire,CIV,24,2000,2023,26,92.308
Croatia,HRV,26,2000,2025,26,100.000
Cuba,CUB,25,2000,2024,26,96.154
Curacao,CUW,25,2000,2024,26,96.154
Cyprus,CYP,26,2000,2025,26,100.000
Czechia,CZE,26,2000,2025,26,100.000
Democratic Republic of Congo,COD,25,2000,2024,26,96.154
Denmark,DNK,26,2000,2025,26,100.000
Djibouti,DJI,24,2000,2023,26,92.308
Dominica,DMA,24,2000,2023,26,92.308
Dominican Republic,DOM,25,2000,2024,26,96.154
East Timor,TLS,21,2003,2023,26,80.769
Ecuador,ECU,25,2000,2024,26,96.154
Egypt,EGY,25,2000,2024,26,96.154
El Salvador,SLV,25,2000,2024,26,96.154
Equatorial Guinea,GNQ,25,2000,2024,26,96.154
Eritrea,ERI,24,2000,2023,26,92.308
Estonia,EST,26,2000,2025,26,100.000
Eswatini,SWZ,24,2000,2023,26,92.308
Ethiopia,ETH,24,2000,2023,26,92.308
Fiji,FJI,24,2000,2023,26,92.308
Finland,FIN,26,2000,2025,26,100.000
France,FRA,26,2000,2025,26,100.000
Gabon,GAB,25,2000,2024,26,96.154
Gambia,GMB,24,2000,2023,26,92.308
Georgia,GEO,25,2000,2024,26,96.154
Germany,DEU,26,2000,2025,26,100.000
Ghana,GHA,24,2000,2023,26,92.308
Gibraltar,GIB,24,2000,2023,26,92.308
Greece,GRC,26,2000,2025,26,100.000
Grenada,GRD,24,2000,2023,26,92.308
Guatemala,GTM,24,2000,2023,26,92.308
Guinea,GIN,24,2000,2023,26,92.308
Guinea-Bissau,GNB,24,2000,2023,26,92.308
Guyana,GUY,25,2000,2024,26,96.154
Haiti,HTI,24,2000,2023,26,92.308
Honduras,HND,24,2000,2023,26,92.308
Hong Kong,HKG,25,2000,2024,26,96.154
Hungary,HUN,26,2000,2025,26,100.000
Iceland,ISL,25,2000,2024,26,96.154
India,IND,25,2000,2024,26,96.154
Indonesia,IDN,25,2000,2024,26,96.154
Iran,IRN,25,2000,2024,26,96.154
Iraq,IRQ,25,2000,2024,26,96.154
Ireland,IRL,26,2000,2025,26,100.000
Israel,ISR,25,2000,2024,26,96.154
Italy,ITA,26,2000,2025,26,100.000
Jamaica,JAM,24,2000,2023,26,92.308
Japan,JPN,25,2000,2024,26,96.154
Jordan,JOR,24,2000,2023,26,92.308
Kazakhstan,KAZ,25,2000,2024,26,96.154
Kenya,KEN,25,2000,2024,26,96.154
Kiribati,KIR,24,2000,2023,26,92.308
Kosovo,,26,2000,2025,26,100.000
Kuwait,KWT,25,2000,2024,26,96.154
Kyrgyzstan,KGZ,25,2000,2024,26,96.154
Laos,LAO,24,2000,2023,26,92.308
Latvia,LVA,26,2000,2025,26,100.000
Lebanon,LBN,24,2000,2023,26,92.308
Lesotho,LSO,24,2000,2023,26,92.308
Liberia,LBR,24,2000,2023,26,92.308
Libya,LBY,25,2000,2024,26,96.154
Lithuania,LTU,26,2000,2025,26,100.000
Luxembourg,LUX,26,2000,2025,26,100.000
Macao,MAC,24,2000,2023,26,92.308
Madagascar,MDG,25,2000,2024,26,96.154
Malawi,MWI,24,2000,2023,26,92.308
Malaysia,MYS,25,2000,2024,26,96.154
Maldives,MDV,24,2000,2023,26,92.308
Mali,MLI,24,2000,2023,26,92.308
Malta,MLT,26,2000,2025,26,100.000
Martinique,MTQ,24,2000,2023,26,92.308
Mauritania,MRT,24,2000,2023,26,92.308
Mauritius,MUS,24,2000,2023,26,92.308
Mexico,MEX,25,2000,2024,26,96.154
Micronesia (country),FSM,24,2000,2023,26,92.308
Moldova,MDA,25,2000,2024,26,96.154
Mongolia,MNG,25,2000,2024,26,96.154
Montenegro,MNE,21,2005,2025,26,80.769
Morocco,MAR,25,2000,2024,26,96.154
Mozambique,MOZ,25,2000,2024,26,96.154
Myanmar,MMR,25,2000,2024,26,96.154
Namibia,NAM,24,2000,2023,26,92.308
Nauru,NRU,24,2000,2023,26,92.308
Nepal,NPL,24,2000,2023,26,92.308
Netherlands,NLD,26,2000,2025,26,100.000
New Zealand,NZL,25,2000,2024,26,96.154
Nicaragua,NIC,24,2000,2023,26,92.308
Niger,NER,24,2000,2023,26,92.308
Nigeria,NGA,25,2000,2024,26,96.154
North Korea,PRK,24,2000,2023,26,92.308
North Macedonia,MKD,26,2000,2025,26,100.000
Northern Mariana Islands,MNP,24,2000,2023,26,92.308
Norway,NOR,26,2000,2025,26,100.000
Oman,OMN,25,2000,2024,26,96.154
Pakistan,PAK,25,2000,2024,26,96.154
Palestine,PSE,24,2000,2023,26,92.308
Panama,PAN,24,2000,2023,26,92.308
Papua New Guinea,PNG,25,2000,2024,26,96.154
Paraguay,PRY,24,2000,2023,26,92.308
Peru,PER,25,2000,2024,26,96.154
Philippines,PHL,25,2000,2024,26,96.154
Poland,POL,26,2000,2025,26,100.000
Portugal,PRT,26,2000,2025,26,100.000
Puerto Rico,PRI,25,2000,2024,26,96.154
Qatar,QAT,25,2000,2024,26,96.154
Romania,ROU,26,2000,2025,26,100.000
Russia,RUS,25,2000,2024,26,96.154
Rwanda,RWA,24,2000,2023,26,92.308
Samoa,WSM,24,2000,2023,26,92.308
Sao Tome and Principe,STP,24,2000,2023,26,92.308
Saudi Arabia,SAU,25,2000,2024,26,96.154
Senegal,SEN,24,2000,2023,26,92.308
Serbia,SRB,26,2000,2025,26,100.000
Seychelles,SYC,24,2000,2023,26,92.308
Sierra Leone,SLE,24,2000,2023,26,92.308
Singapore,SGP,25,2000,2024,26,96.154
Slovakia,SVK,26,2000,2025,26,100.000
Slovenia,SVN,26,2000,2025,26,100.000
Solomon Islands,SLB,24,2000,2023,26,92.308
Somalia,SOM,24,2000,2023,26,92.308
South Africa,ZAF,25,2000,2024,26,96.154
South Korea,KOR,25,2000,2024,26,96.154
South Sudan,SSD,13,2012,2024,26,50.000
Spain,ESP,26,2000,2025,26,100.000
Sri Lanka,LKA,25,2000,2024,26,96.154
Sudan,SDN,25,2000,2024,26,96.154
Suriname,SUR,24,2000,2023,26,92.308
Sweden,SWE,26,2000,2025,26,100.000
Switzerland,CHE,26,2000,2025,26,100.000
Syria,SYR,25,2000,2024,26,96.154
Taiwan,TWN,25,2000,2024,26,96.154
Tajikistan,TJK,25,2000,2024,26,96.154
Tanzania,TZA,24,2000,2023,26,92.308
Thailand,THA,25,2000,2024,26,96.154
Togo,TGO,24,2000,2023,26,92.308
Tonga,TON,24,2000,2023,26,92.308
Trinidad and Tobago,TTO,25,2000,2024,26,96.154
Tunisia,TUN,25,2000,2024,26,96.154
Turkey,TUR,26,2000,2025,26,100.000
Turkmenistan,TKM,25,2000,2024,26,96.154
Tuvalu,TUV,24,2000,2023,26,92.308
Uganda,UGA,24,2000,2023,26,92.308
Ukraine,UKR,25,2000,2024,26,96.154
United Arab Emirates,ARE,25,2000,2024,26,96.154
United Kingdom,GBR,26,2000,2025,26,100.000
United States,USA,25,2000,2024,26,96.154
Uruguay,URY,25,2000,2024,26,96.154
Uzbekistan,UZB,25,2000,2024,26,96.154
Vanuatu,VUT,24,2000,2023,26,92.308
Venezuela,VEN,25,2000,2024,26,96.154
Vietnam,VNM,25,2000,2024,26,96.154
Yemen,YEM,25,2000,2024,26,96.154
Zambia,ZMB,25,2000,2024,26,96.154
Zimbabwe,ZWE,25,2000,2024,26,96.154
